id,name,model_id:id,group_id:id,perm_read,perm_write,perm_create,perm_unlink
access_academic_year_admin,academic.year0,model_academic_year,group_school_administration,1,1,1,1
access_academic_month_admin,academic.month,model_academic_month,group_school_administration,1,1,1,1
access_standard_medium_admin,standard.medium,model_standard_medium,group_school_administration,1,1,1,1
access_standard_division_admin,standard.division,model_standard_division,group_school_administration,1,1,1,1
access_subject_subject_admin,subject.subject,model_subject_subject,group_school_administration,1,1,1,1
access_school_school_admin,school.school,model_school_school,group_school_administration,1,1,1,1
access_standard_standard_admin,standard.standard,model_standard_standard,group_school_administration,1,1,1,1
access_school_standard_admin,school.standard,model_school_standard,group_school_administration,1,1,1,1
access_student_student_admin,student.student,model_student_student,group_school_administration,1,1,1,1
access_hr_employee_admin,school.teacher,model_school_teacher,group_school_administration,1,1,1,1
access_res_partner_admin,school.parent,model_school_parent,group_school_administration,1,1,1,1
access_student_reference_admin,student.reference,model_student_reference,group_school_administration,1,1,1,1
access_student_previous_school_admin,student.previous.school,model_student_previous_school,group_school_administration,1,1,1,1
access_subject_elective_admin,subject.elective,model_subject_elective,group_school_administration,1,1,1,1
access_mother_toungue_admin,mother.toungue,model_mother_toungue,group_school_administration,1,1,1,1
access_student_award_admin,student.award,model_student_award,group_school_administration,1,1,1,1
access_attendance_type_admin,attendance.type,model_attendance_type,group_school_administration,1,1,1,1
access_student_document_admin,student.document,model_student_document,group_school_administration,1,1,1,1
access_document_type_admin,document.type,model_document_type,group_school_administration,1,1,1,1
access_student_description_admin,student.description,model_student_description,group_school_administration,1,1,1,1
access_student_descipline_admin,student.descipline,model_student_descipline,group_school_administration,1,1,1,1
access_student_history_admin,student.history,model_student_history,group_school_administration,1,1,1,1
access_student_certificate_admin,student.certificate,model_student_certificate,group_school_administration,1,1,1,1
access_academic_subject_admin,academic.subject,model_academic_subject,group_school_administration,1,1,1,1
access_student_family_contact_admin,student.family.contact,model_student_family_contact,group_school_administration,1,1,1,1
access_student_relation_master_admin,student.relation.master,model_student_relation_master,group_school_administration,1,1,1,1
access_grade_master_admin,grade.master,model_grade_master,group_school_administration,1,1,1,1
access_grade_line_admin,grade.line,model_grade_line,group_school_administration,1,1,1,1
access_admin_news_admin,student.news,school_mngment_sgt.model_student_news,group_school_administration,1,1,1,1
access_admin_reminder_admin,student.reminder,school_mngment_sgt.model_student_reminder,group_school_administration,1,1,1,1
access_student_cast_admin,student.cast,model_student_cast,group_school_administration,1,1,1,1
access_res_users_admin,res.users,base.model_res_users,group_school_administration,1,1,1,1
access_subject_syllabus_admin,subject.syllabus,model_subject_syllabus,group_school_administration,1,1,1,1
access_academic_year_parent,academic.year4,model_academic_year,group_school_parent,1,0,0,0
access_academic_month_parent,academic.month,model_academic_month,group_school_parent,1,0,0,0
access_standard_medium_parent,standard.medium,model_standard_medium,group_school_parent,1,0,0,0
access_standard_division_parent,standard.division,model_standard_division,group_school_parent,1,0,0,0
access_subject_subject_parent,subject.subject,model_subject_subject,group_school_parent,1,0,0,0
access_school_school_parent,school.school,model_school_school,group_school_parent,1,0,0,0
access_standard_standard_parent,standard.standard,model_standard_standard,group_school_parent,1,0,0,0
access_school_standard_parent,school.standard,model_school_standard,group_school_parent,1,0,0,0
access_student_student_parent,student.student,model_student_student,group_school_parent,1,0,0,0
access_subject_elective_parent,subject.elective,model_subject_elective,group_school_parent,1,0,0,0
access_mother_toungue_parent,mother.toungue,model_mother_toungue,group_school_parent,1,0,0,0
access_student_award_parent,student.award,model_student_award,group_school_parent,1,0,0,0
access_attendance_type_parent,attendance.type,model_attendance_type,group_school_parent,1,0,0,0
access_student_document_parent,student.document,model_student_document,group_school_parent,1,0,0,0
access_document_type_parent,document.type,model_document_type,group_school_parent,1,0,0,0
access_student_description_parent,student.description,model_student_description,group_school_parent,1,0,0,0
access_student_descipline_parent,student.descipline,model_student_descipline,group_school_parent,1,0,0,0
access_student_history_parent,student.history,model_student_history,group_school_parent,1,0,0,0
access_student_certificate_parent,student.certificate,model_student_certificate,group_school_parent,1,0,0,0
access_res_partner_parent,school.parent,model_school_parent,group_school_parent,1,1,0,0
access_academic_subject_parent,academic.subject,model_academic_subject,group_school_parent,1,0,0,0
access_student_family_contact_parent,student.family.contact,model_student_family_contact,group_school_parent,1,0,0,0
access_student_relation_master_parent,student.relation.master,model_student_relation_master,group_school_parent,1,0,0,0
access_grade_master_parent,grade.master,model_grade_master,group_school_parent,1,0,0,0
access_grade_line_parent,grade.line,model_grade_line,group_school_parent,1,0,0,0
access_teacher_reminder_parent,student.reminder,model_student_reminder,group_school_parent,1,0,0,0
access_student_cast_parent,student.cast,model_student_cast,group_school_parent,1,0,0,0
access_hr_employee_parent,school.teacher,model_school_teacher,group_school_parent,1,0,0,0
access_student_reference_parent,student.reference,model_student_reference,group_school_parent,1,0,0,0
access_student_previous_school_parent,student.previous.school,model_student_previous_school,group_school_parent,1,0,0,0
access_parent_news_parent,student.news,model_student_news,group_school_parent,1,0,0,0
access_subject_syllabus_parent,subject.syllabus,model_subject_syllabus,group_school_parent,1,0,0,0
access_res_users_parents,res.users,base.model_res_users,group_school_parent,1,0,0,0
access_standard_medium_student,standard.medium,school_mngment_sgt.model_standard_medium,group_school_student,1,0,0,0
access_subject_subject_student,subject.subject,school_mngment_sgt.model_subject_subject,group_school_student,1,0,0,0
access_school_school_student,school.school,school_mngment_sgt.model_school_school,group_school_student,1,0,0,0
access_hr_employee_student,school.teacher,model_school_teacher,group_school_student,1,0,0,0
access_subject_elective_student,subject.elective,model_subject_elective,group_school_student,1,0,0,0
access_mother_toungue_student,mother.toungue,school_mngment_sgt.model_mother_toungue,group_school_student,1,0,0,0
access_attendance_type_student,attendance.type,model_attendance_type,group_school_student,1,0,0,0
access_document_type_student,document.type,model_document_type,group_school_student,1,0,0,0
access_res_partner_student,school.parent,model_school_parent,group_school_student,1,0,0,0
access_academic_subject_student,academic.subject,model_academic_subject,group_school_student,1,0,0,0
access_student_relation_master_student,student.relation.master,model_student_relation_master,group_school_student,1,1,0,0
access_student_cast_student,student.cast,school_mngment_sgt.model_student_cast,group_school_student,1,1,0,0
access_student_history_stu,student.history,school_mngment_sgt.model_student_history,group_school_student,1,0,0,0
access_student_descipline_student,student.descipline,model_student_descipline,group_school_student,1,0,0,0
access_student_document_student,student.document,model_student_document,group_school_student,1,0,0,0
access_student_reminder_student,student.reminder,model_student_reminder,group_school_student,1,1,1,1
access_student_description_student,student.description,school_mngment_sgt.model_student_description,group_school_student,1,0,0,0
access_student_news_student,student.news,model_student_news,group_school_student,1,1,1,0
access_student_certificate_studnet,student.certificate,school_mngment_sgt.model_student_certificate,group_school_student,1,0,0,0
access_student_award_student,student.award,school_mngment_sgt.model_student_award,group_school_student,1,0,0,0
access_student_previous_school_student,student.previous.school,school_mngment_sgt.model_student_previous_school,group_school_student,1,0,0,0
access_student_family_contact_student,student.family.contact,school_mngment_sgt.model_student_family_contact,group_school_student,1,0,0,0
access_student_reference_student,student.reference,school_mngment_sgt.model_student_reference,group_school_student,1,0,0,0
access_student_student_user,student.student,school_mngment_sgt.model_student_student,group_school_student,1,0,0,0
access_academic_month_student,academic.month,school_mngment_sgt.model_academic_month,group_school_student,1,0,0,0
access_academic_year_student,academic.year1,school_mngment_sgt.model_academic_year,group_school_student,1,0,0,0
access_grade_master_sudent,grade.master,school_mngment_sgt.model_grade_master,group_school_student,1,0,0,0
access_standard_division_student,standard.division,school_mngment_sgt.model_standard_division,group_school_student,1,0,0,0
access_standard_standard_student,standard.standard,school_mngment_sgt.model_standard_standard,group_school_student,1,0,0,0
access_grade_line_student,grade.line,school_mngment_sgt.model_grade_line,group_school_student,1,0,0,0
access_school_standard_user_student,school.standard,school_mngment_sgt.model_school_standard,group_school_student,1,0,0,0
access_subject_syllabus_student,subject.syllabus,model_subject_syllabus,group_school_student,1,0,0,0
access_academic_year_teacher,academic.year2,model_academic_year,group_school_teacher,1,0,0,0
access_academic_month_teacher,academic.month,model_academic_month,group_school_teacher,1,0,0,0
access_standard_medium_teacher,standard.medium,model_standard_medium,group_school_teacher,1,1,1,0
access_standard_division_teacher,standard.division,model_standard_division,group_school_teacher,1,1,1,0
access_subject_subject_teacher,subject.subject,model_subject_subject,group_school_teacher,1,0,0,0
access_school_school_teacher,school.school,model_school_school,group_school_teacher,1,0,0,0
access_standard_standard_teacher,standard.standard,model_standard_standard,group_school_teacher,1,1,1,0
access_school_standard_teacher,school.standard,model_school_standard,group_school_teacher,1,0,0,0
access_student_student_teacher,student.student,model_student_student,group_school_teacher,1,1,0,0
access_subject_elective_teacher,subject.elective,model_subject_elective,group_school_teacher,1,1,1,0
access_hr_employee_teacher,school.teacher,model_school_teacher,group_school_teacher,1,1,0,0
access_student_reference_teacher,student.reference,model_student_reference,group_school_teacher,1,1,1,0
access_student_previous_school_teacher,student.previous.school,model_student_previous_school,group_school_teacher,1,1,1,0
access_mother_toungue_teacher,mother.toungue,model_mother_toungue,group_school_teacher,1,0,0,0
access_attendance_type_teacher,attendance.type,model_attendance_type,group_school_teacher,1,1,1,0
access_student_award_teacher,student.award,model_student_award,group_school_teacher,1,1,1,0
access_student_document_teacher,student.document,model_student_document,group_school_teacher,1,1,1,0
access_document_type_teacher,document.type,model_document_type,group_school_teacher,1,1,1,0
access_student_description_teacher,student.description,model_student_description,group_school_teacher,1,1,1,0
access_res_partner_teacher,school.parent,model_school_parent,group_school_teacher,1,0,0,0
access_student_descipline_teacher,student.descipline,model_student_descipline,group_school_teacher,1,1,1,0
access_student_history_teacher,student.history,model_student_history,group_school_teacher,1,1,1,0
access_student_certificate_teacher,student.certificate,model_student_certificate,group_school_teacher,1,1,1,0
access_academic_subject_teacher,academic.subject,model_academic_subject,group_school_teacher,1,1,1,0
access_student_family_contact_teacher,student.family.contact,model_student_family_contact,group_school_teacher,1,0,0,0
access_student_relation_master_teacher,student.relation.master,model_student_relation_master,group_school_teacher,1,0,0,0
access_grade_master_teacher,grade.master,model_grade_master,group_school_teacher,1,1,1,0
access_grade_line_teacher,grade.line,model_grade_line,group_school_teacher,1,1,1,0
access_student_cast_teacher,student.cast,model_student_cast,group_school_teacher,1,0,0,0
access_teacher_news_teacher,student.news,model_student_news,group_school_teacher,1,1,1,1
access_teacher_reminder_teacher,student.reminder,model_student_reminder,group_school_teacher,1,1,1,1
access_subject_syllabus_teacher,subject.syllabus,model_subject_syllabus,group_school_teacher,1,1,1,0
access_resource_resource_teacher,resource.resource,resource.model_resource_resource,group_school_teacher,1,1,0,0
access_res_users_teacher,res.users,base.model_res_users,group_school_teacher,1,1,0,0
access_student_in_admission,student.student,model_student_student,group_is_admission,1,0,0,0
access_standard_medium_student_is_admission,standard.medium,school_mngment_sgt.model_standard_medium,group_is_admission,1,0,0,0
access_subject_subject_student_is_admission,subject.subject,school_mngment_sgt.model_subject_subject,group_is_admission,1,0,0,0
access_school_school_student_is_admission,school.school,school_mngment_sgt.model_school_school,group_is_admission,1,0,0,0
access_hr_employee_student_is_admissions,school.teacher,model_school_teacher,group_is_admission,1,0,0,0
access_subject_elective_student_is_admissions,subject.elective,model_subject_elective,group_is_admission,1,0,0,0
access_mother_toungue_student_is_admission,mother.toungue,school_mngment_sgt.model_mother_toungue,group_is_admission,1,0,0,0
access_attendance_type_student_is_admission,attendance.type,model_attendance_type,group_is_admission,1,0,0,0
access_document_type_student_is_admission,document.type,model_document_type,group_is_admission,1,0,0,0
access_res_partner_student_isadmission,school.parent,model_school_parent,group_is_admission,1,0,0,0
access_academic_subject_student_is_admission,academic.subject,model_academic_subject,group_is_admission,1,0,0,0
access_student_relation_master_student_is_admission,student.relation.master,model_student_relation_master,group_is_admission,1,1,0,0
access_student_cast_student_is_admision,student.cast,school_mngment_sgt.model_student_cast,group_is_admission,1,1,0,0
access_student_history_stu_admission,student.history,school_mngment_sgt.model_student_history,group_is_admission,1,0,0,0
access_student_descipline_student_is_addmision,student.descipline,model_student_descipline,group_is_admission,1,0,0,0
access_student_document_student_admission,student.document,model_student_document,group_is_admission,1,0,0,0
access_student_reminder_student_is_admission,student.reminder,model_student_reminder,group_is_admission,1,1,1,1
access_student_description_student_is_admissions,student.description,school_mngment_sgt.model_student_description,group_is_admission,1,0,0,0
access_student_news_student_in_admission,student.news,model_student_news,group_is_admission,1,0,0,0
access_student_certificate_studnet_in_admission,student.certificate,school_mngment_sgt.model_student_certificate,group_is_admission,1,0,0,0
access_student_award_student_admission,student.award,school_mngment_sgt.model_student_award,group_is_admission,1,0,0,0
access_student_previous_school_student_is_admision,student.previous.school,school_mngment_sgt.model_student_previous_school,group_is_admission,1,0,0,0
access_student_family_contact_student_isadmission,student.family.contact,school_mngment_sgt.model_student_family_contact,group_is_admission,1,0,0,0
access_student_reference_student_admissions,student.reference,school_mngment_sgt.model_student_reference,group_is_admission,1,0,0,0
access_student_student_user_in_admisions,student.student,school_mngment_sgt.model_student_student,group_is_admission,1,1,0,0
access_academic_month_student_is_admission,academic.month,school_mngment_sgt.model_academic_month,group_is_admission,1,0,0,0
access_academic_year_student_admissionss,academic.year3,school_mngment_sgt.model_academic_year,group_is_admission,1,0,0,0
access_grade_master_sudent_admission_school,grade.master,school_mngment_sgt.model_grade_master,group_is_admission,1,0,0,0
access_standard_division_student_is_school_admission,standard.division,school_mngment_sgt.model_standard_division,group_is_admission,1,0,0,0
access_standard_standard_student_admission_school,standard.standard,school_mngment_sgt.model_standard_standard,group_is_admission,1,0,0,0
access_grade_line_student_admission_is,grade.line,school_mngment_sgt.model_grade_line,group_is_admission,1,0,0,0
access_school_standard_user_student_inadmission_school,school.standard,school_mngment_sgt.model_school_standard,group_is_admission,1,0,0,0
access_subject_syllabus_student_admission_student,subject.syllabus,model_subject_syllabus,group_is_admission,1,0,0,0
access_class_room_teacher,class.room,model_class_room,group_school_teacher,1,0,0,0
access_class_room_admin,class.room,model_class_room,group_school_administration,1,1,1,1
access_parent_relation_admin,parent.relation,school_mngment_sgt.model_parent_relation,group_school_administration,1,1,1,1
access_parent_relation_student,parent.relation,school_mngment_sgt.model_parent_relation,group_school_student,1,0,0,0
access_parent_relation_parent_grp,parent.relation,school_mngment_sgt.model_parent_relation,group_school_parent,1,1,1,0
access_parent_relation_teacher_grp,parent.relation,school_mngment_sgt.model_parent_relation,group_school_teacher,1,0,0,0
,,,,,,,
access_assign_roll_no,assign.roll.no,model_assign_roll_no,group_school_administration,1,1,1,1
access_move_standards,move.standards,model_move_standards,group_school_administration,1,1,1,1
access_terminate_reason,terminate.reason,model_terminate_reason,group_school_administration,1,1,1,1




access_library_rack_manager,library.rack,model_library_rack,school_mngment_sgt.group_librarian,1,1,1,1
access_library_author_manager,library.author,model_library_author,school_mngment_sgt.group_librarian,1,1,1,1
access_library_editor_supplier_manager,library.editor.supplier,model_library_editor_supplier,school_mngment_sgt.group_librarian,1,1,1,1
access_product_lang_manager,product.lang,model_product_lang,school_mngment_sgt.group_librarian,1,1,1,1
access_library_card_maneger,library.card,model_library_card,school_mngment_sgt.group_librarian,1,1,1,1
access_library_book_issue_manager,library.book.issue,model_library_book_issue,school_mngment_sgt.group_librarian,1,1,1,1
access_library_book_request_manager,library.book.request,model_library_book_request,school_mngment_sgt.group_librarian,1,1,1,1
access_product_templete_manager,product.template,product.model_product_template,school_mngment_sgt.group_librarian,1,1,1,1
access_book_attachment_manager,book.attachment,model_book_attachment,school_mngment_sgt.group_librarian,1,1,1,1
access_product_product_manager,product.product,product.model_product_product,school_mngment_sgt.group_librarian,1,1,1,1
access_stock_move_manager,stock.move,stock.model_stock_move,school_mngment_sgt.group_librarian,1,1,1,1
access_stock_picking_manager,stock.picking,stock.model_stock_picking,school_mngment_sgt.group_librarian,1,1,1,1
access_account_move_line_manager,account.move.line,account.model_account_move_line,school_mngment_sgt.group_librarian,1,1,1,1
access_student_manager,student.student,school_mngment_sgt.model_student_student,school_mngment_sgt.group_librarian,1,0,0,0
access_standard_manager,school.standard,school_mngment_sgt.model_school_standard,school_mngment_sgt.group_librarian,1,0,0,0
access_standard_standard_manager,standard.standard,school_mngment_sgt.model_standard_standard,school_mngment_sgt.group_librarian,1,0,0,0
access_standard_division_manager,standard.division,school_mngment_sgt.model_standard_division,school_mngment_sgt.group_librarian,1,0,0,0
access_account_move_manager,account.move,account.model_account_move,school_mngment_sgt.group_librarian,1,1,1,0
access_delivery_carrier_manager,delivery.carrier,delivery.model_delivery_carrier,school_mngment_sgt.group_librarian,1,0,0,0
access_book_editor_librariean,book.editor,school_mngment_sgt.model_book_editor,school_mngment_sgt.group_librarian,1,1,1,1
access_library_shelf_manager,library.shelf,model_library_shelf,school_mngment_sgt.group_librarian,1,1,1,1
access_book_history_librarian,access_book_history_librarian,model_book_history,school_mngment_sgt.group_librarian,1,1,1,1
access_library_rack_user,library.rack,model_library_rack,school_mngment_sgt.group_userian,1,1,1,0
access_library_author_user,library.author,model_library_author,school_mngment_sgt.group_userian,1,0,0,0
access_library_editor_supplier_user,library.editor.supplier,model_library_editor_supplier,school_mngment_sgt.group_userian,1,0,0,0
access_product_lang_user,product.lang,model_product_lang,school_mngment_sgt.group_userian,1,1,0,0
access_library_card_user,library.card,model_library_card,school_mngment_sgt.group_userian,1,0,0,0
access_library_book_issue_user,library.book.issue,model_library_book_issue,school_mngment_sgt.group_userian,1,0,0,0
access_library_book_request_user,library.book.request,model_library_book_request,school_mngment_sgt.group_userian,1,1,1,0
access_product_templete_user,product.template,product.model_product_template,school_mngment_sgt.group_userian,1,1,0,0
access_book_attachment_user,book.attachment,model_book_attachment,school_mngment_sgt.group_userian,1,1,1,0
access_product_product_user,product.product,product.model_product_product,school_mngment_sgt.group_userian,1,0,0,0
access_stock_move_user,stock.move,stock.model_stock_move,school_mngment_sgt.group_userian,1,1,1,0
access_stock_picking_user,stock.picking,stock.model_stock_picking,school_mngment_sgt.group_userian,1,1,1,0
access_account_move_line_user,account.move.line,account.model_account_move_line,school_mngment_sgt.group_userian,1,0,0,0
access_account_move_user,account.move,account.model_account_move,school_mngment_sgt.group_userian,1,0,0,0
access_res_partner_user,res.partner,base.model_res_partner,school_mngment_sgt.group_userian,1,0,0,0
access_product_pricelist_user,product.pricelist,product.model_product_pricelist,school_mngment_sgt.group_userian,1,0,0,0
access_delivery_carrier_user,delivery.carrier,delivery.model_delivery_carrier,school_mngment_sgt.group_userian,1,0,0,0
access_stock_warehouse_user,stock.warehouse,stock.model_stock_warehouse,school_mngment_sgt.group_userian,1,0,0,0
access_stock_location_user,stock.location,stock.model_stock_location,school_mngment_sgt.group_userian,1,0,0,0
access_uom_uom_user,uom.uom.userian,uom.model_uom_uom,school_mngment_sgt.group_userian,1,0,0,0
access_account_tax_user,account.tax,account.model_account_tax,school_mngment_sgt.group_userian,1,0,0,0
access_library_editor_user,book.editor,school_mngment_sgt.model_book_editor,school_mngment_sgt.group_userian,1,0,0,0
access_book_history_userian,access_book_history_userian,model_book_history,school_mngment_sgt.group_userian,1,1,1,0
access_library_book_request_student,library.book.request,model_library_book_request,school_mngment_sgt.group_school_student,1,1,1,0
access_library_card_student,library.card,model_library_card,school_mngment_sgt.group_school_student,1,0,0,0
access_library_book_issue_student,library.book.issue,model_library_book_issue,school_mngment_sgt.group_school_student,1,0,0,0
access_book_history_school_student,access_book_history_school_student,model_book_history,school_mngment_sgt.group_school_student,1,1,1,0
access_library_book_request_teacher,library.book.request,model_library_book_request,school_mngment_sgt.group_school_teacher,1,1,1,0
access_library_card_teacher,library.card,model_library_card,school_mngment_sgt.group_school_teacher,1,0,0,0
access_library_book_issue_teacher,library.book.issue,model_library_book_issue,school_mngment_sgt.group_school_teacher,1,0,0,0
access_library_product_teacher,product.product,product.model_product_product,school_mngment_sgt.group_school_teacher,1,0,0,0
access_book_history_school_teacher,access_book_history_school_teacher,model_book_history,school_mngment_sgt.group_school_teacher,1,1,1,1
,,,,
access_book_history_internal_user,access_book_history_internal_user,model_book_history,base.group_user,1,1,1,0
,,,,
access_library_shelf,access_library_shelf,model_library_shelf,base.group_user,1,1,1,1





access_student_transport_1,student.transport,model_student_transport,school_mngment_sgt.group_school_administration,1,1,1,1
access_transport_participant_1,transport.participant,model_transport_participant,school_mngment_sgt.group_school_administration,1,1,1,1
access_transport_registration_1,transport.registration,model_transport_registration,school_mngment_sgt.group_school_administration,1,1,1,1

access_student_transport_2,student.transport,model_student_transport,school_mngment_sgt.group_school_teacher,1,0,0,0
access_transport_participant_2,transport.participant,model_transport_participant,school_mngment_sgt.group_school_teacher,1,0,0,0
access_transport_registration_2,transport.registration,model_transport_registration,school_mngment_sgt.group_school_teacher,1,0,0,0

access_student_transport_3,student.transport,model_student_transport,school_mngment_sgt.group_school_student,1,0,0,0
access_transport_participant_3,transport.participant,model_transport_participant,school_mngment_sgt.group_school_student,1,0,0,0
access_transport_registration_3,transport.registration,model_transport_registration,school_mngment_sgt.group_school_student,1,1,1,1

access_student_transport_4,student.transport,model_student_transport,school_mngment_sgt.group_school_parent,1,0,0,0
access_transport_participant_4,transport.participant,model_transport_participant,school_mngment_sgt.group_school_parent,1,0,0,0
access_transport_registration_4,transport.registration,model_transport_registration,school_mngment_sgt.group_school_parent,1,1,1,0

access_transport_manager_student_transport,student.transport,model_student_transport,group_transportation_manager,1,1,1,1
access_transport_manager_transport_participant,transport.participant,model_transport_participant,group_transportation_manager,1,1,1,1
access_transport_manager_transport_registration,transport.registration,model_transport_registration,group_transportation_manager,1,1,1,1

access_transport_manager_student_student,student.student,school_mngment_sgt.model_student_student,group_transportation_manager,1,0,0,0
access_transport_manager_subject_subject,subject.subject,school_mngment_sgt.model_subject_subject,group_transportation_manager,1,0,0,0
access_transport_user_student,student.transport,model_student_transport,group_transportation_user,1,0,0,0
access_transport_user_participant,transport.participant,model_transport_participant,group_transportation_user,1,0,0,0
access_transport__user_registration,transport.registration,model_transport_registration,group_transportation_user,1,1,1,1

access_transport_user_student_student,student.student,school_mngment_sgt.model_student_student,group_transportation_user,1,0,0,0
access_accountinvoicetransportuser,account.invoice.transuser,account.model_account_move,group_transportation_user,1,0,0,0
access_invoice_transportmanager,account.invoice.transmanager,account.model_account_move,group_transportation_manager,1,1,1,0


access_school_teacher_assignment_admin,school.teacher.assignment,school_mngment_sgt.model_school_teacher_assignment,school_mngment_sgt.group_school_administration,1,1,1,1
access_school_student_assignment_admin,school.student.assignment,school_mngment_sgt.model_school_student_assignment,school_mngment_sgt.group_school_administration,1,1,1,1
access_school_student_assignment_student,school.student.assignment,school_mngment_sgt.model_school_student_assignment,school_mngment_sgt.group_school_student,1,1,0,0
access_school_teacher_assignment_teacher,school.teacher.assignment,school_mngment_sgt.model_school_teacher_assignment,school_mngment_sgt.group_school_teacher,1,1,1,1
access_school_student_assignment_teacher,school.student.assignment,school_mngment_sgt.model_school_student_assignment,school_mngment_sgt.group_school_teacher,1,1,1,1
access_student_student_assignment_teacher,school.teacher.student.assignment,school_mngment_sgt.model_student_student,school_mngment_sgt.group_school_teacher,1,0,0,0
access_school_standard_assignment_teacher,school.teacher.school.standard.assignment,school_mngment_sgt.model_school_standard,school_mngment_sgt.group_school_teacher,1,1,1,0
access_school_student_assignment_parent,school.student.assignment,school_mngment_sgt.model_school_student_assignment,school_mngment_sgt.group_school_parent,1,0,0,0
access_file_format_admin_access,school.teacher.assignment,school_mngment_sgt.model_file_format,school_mngment_sgt.group_school_administration,1,1,1,1
access_file_format_teacher_access,school.teacher.assignment,school_mngment_sgt.model_file_format,school_mngment_sgt.group_school_teacher,1,1,1,0

access_reject_reason,reject.reason,school_mngment_sgt.model_reject_reason,school_mngment_sgt.group_school_administration,1,1,1,1
access_terminate_reason,terminate.reason,school_mngment_sgt.model_terminate_reason,school_mngment_sgt.group_school_administration,1,1,1,1




access_student_fees_register_admin,student.fees.register,model_student_fees_register,school_mngment_sgt.group_school_administration,1,1,1,1
access_student_fees_structure_admin,student.fees.structure,model_student_fees_structure,school_mngment_sgt.group_school_administration,1,1,1,1
access_student_payslip_admin,student.payslip,model_student_payslip,school_mngment_sgt.group_school_administration,1,1,1,1
access_student_payslip_line_admin,student.payslip.line,model_student_payslip_line,school_mngment_sgt.group_school_administration,1,1,1,1
access_student_payslip_line_line_admin,student.payslip.line.line,model_student_payslip_line_line,school_mngment_sgt.group_school_administration,1,1,1,1
access_student_fees_structure_line_admin,student.fees.structure.line,model_student_fees_structure_line,school_mngment_sgt.group_school_administration,1,1,1,1
access_student_fees_register_parent,student.fees.register,model_student_fees_register,school_mngment_sgt.group_school_parent,1,0,0,0
access_student_fees_structure_parent,student.fees.structure,model_student_fees_structure,school_mngment_sgt.group_school_parent,1,0,0,0
access_student_payslip_parent,student.payslip,model_student_payslip,school_mngment_sgt.group_school_parent,1,0,0,0
access_student_payslip_line_parent,student.payslip.line,model_student_payslip_line,school_mngment_sgt.group_school_parent,1,0,0,0
access_student_payslip_line_line_parent,student.payslip.line.line,model_student_payslip_line_line,school_mngment_sgt.group_school_parent,1,0,0,0
access_student_fees_structure_line_parent,student.fees.structure.line,model_student_fees_structure_line,school_mngment_sgt.group_school_parent,1,0,0,0
access_parents_account_journal_parent,account.journal,account.model_account_journal,school_mngment_sgt.group_school_parent,1,0,0,0
access_parents_account_move_parent,account.move,account.model_account_move,school_mngment_sgt.group_school_parent,1,0,0,0
access_student_fees_register_student,student.fees.register,school_mngment_sgt.model_student_fees_register,school_mngment_sgt.group_school_student,1,0,0,0
access_student_fees_structure_student,student.fees.structure,model_student_fees_structure,school_mngment_sgt.group_school_student,1,0,0,0
access_student_payslip_student,student.payslip,school_mngment_sgt.model_student_payslip,school_mngment_sgt.group_school_student,1,0,0,0
access_student_payslip_line_student,student.payslip.line,school_mngment_sgt.model_student_payslip_line,school_mngment_sgt.group_school_student,1,0,0,0
access_student_payslip_line_line_student,student.payslip.line.line,model_student_payslip_line_line,school_mngment_sgt.group_school_student,1,0,0,0
access_student_fees_structure_line_student,student.fees.structure.line,model_student_fees_structure_line,school_mngment_sgt.group_school_student,1,0,0,0
access_student_account_journal_student,account.journal,account.model_account_journal,school_mngment_sgt.group_school_student,1,0,0,0
access_parents_account_move_student,account.move,account.model_account_move,school_mngment_sgt.group_school_student,1,0,0,0
access_student_fees_register_teacher,student.fees.register,model_student_fees_register,school_mngment_sgt.group_school_teacher,1,0,0,0
access_student_fees_structure_teacher,student.fees.structure,model_student_fees_structure,school_mngment_sgt.group_school_teacher,1,0,0,0
access_student_payslip_teacher,student.payslip,model_student_payslip,school_mngment_sgt.group_school_teacher,1,0,0,0
access_student_payslip_line_teacher,student.payslip.line,model_student_payslip_line,school_mngment_sgt.group_school_teacher,1,0,0,0
access_student_payslip_line_line_teacher,student.payslip.line.line,model_student_payslip_line_line,school_mngment_sgt.group_school_teacher,1,0,0,0
access_student_fees_structure_line_teacher,student.fees.structure.line,model_student_fees_structure_line,school_mngment_sgt.group_school_teacher,1,0,0,0
access_student_account_journal_teacher_right,account.journal,account.model_account_journal,school_mngment_sgt.group_school_teacher,1,0,0,0



access_academic_timetable1,time.table,model_time_table,school_mngment_sgt.group_school_administration,1,1,1,1
access_academic_timetbaleline1,time.table.line,model_time_table_line,school_mngment_sgt.group_school_administration,1,1,1,1
access_academic_timetable3,time.table,model_time_table,school_mngment_sgt.group_school_student,1,0,0,0
access_academic_timetbaleline3,time.table.line,model_time_table_line,school_mngment_sgt.group_school_student,1,0,0,0
access_academic_timetable4,time.table,model_time_table,school_mngment_sgt.group_school_teacher,1,0,0,0
access_academic_timetbaleline4,time.table.line,model_time_table_line,school_mngment_sgt.group_school_teacher,1,0,0,0
access_timetable_report_parent,time.table,model_time_table,school_mngment_sgt.group_school_parent,1,0,0,0
access_timetable_parent_report_line,time.table,model_time_table_line,school_mngment_sgt.group_school_parent,1,0,0,0

access_time_table_portal,time.table.portal,model_time_table,base.group_portal,1,0,0,0



access_school_event_1,school.event,event.model_event_event,school_mngment_sgt.group_school_administration,1,1,1,1
access_event_registration_1,school.event.registration,event.model_event_registration,school_mngment_sgt.group_school_administration,1,1,1,1
access_school_event_2,school.event,event.model_event_event,school_mngment_sgt.group_school_teacher,1,1,1,0
access_event_registration_2,school.event.registration,event.model_event_registration,school_mngment_sgt.group_school_teacher,1,1,0,0
access_school_event_3,school.event,event.model_event_event,school_mngment_sgt.group_school_student,1,0,0,0
access_event_registration_3,school.event.registration,event.model_event_registration,school_mngment_sgt.group_school_student,1,1,1,1
access_school_event_4,school.event,event.model_event_event,school_mngment_sgt.group_school_parent,1,0,0,0
access_event_registration_4,school.event.registration,event.model_event_registration,school_mngment_sgt.group_school_parent,1,0,0,0
access_calendar_event_stud,calendar.event,calendar.model_calendar_event,school_mngment_sgt.group_school_student,1,0,0,0
access_calendar_event_parent,calendar.event,calendar.model_calendar_event,school_mngment_sgt.group_school_parent,1,0,0,0
access_calendar_event_all_employee,calendar.event,calendar.model_calendar_event,base.group_user,1,0,0,0
access_school_stds_teacher,school.standard,school_mngment_sgt.model_school_standard,school_mngment_sgt.group_school_teacher,1,0,1,0
access_sub_syllabus_teacher,subject.syllabus,school_mngment_sgt.model_subject_syllabus,school_mngment_sgt.group_school_teacher,1,0,0,0
access_std_stad_teacher_rights,standard.standard,school_mngment_sgt.model_standard_standard,school_mngment_sgt.group_school_teacher,1,0,0,0
access_std_division_teacher,standard.division,school_mngment_sgt.model_standard_division,school_mngment_sgt.group_school_teacher,1,0,0,0
acees_school_school_teachers,school.school,school_mngment_sgt.model_school_school,school_mngment_sgt.group_school_teacher,1,0,0,0
access_sub_teachrt,subject.subject,school_mngment_sgt.model_subject_subject,school_mngment_sgt.group_school_teacher,1,0,0,0


access_school_evaluation_admin,school.evaluation,model_school_evaluation,school_mngment_sgt.group_school_administration,1,1,1,1
access_school_evaluation_line_admin,school.evaluation.line,model_school_evaluation_line,school_mngment_sgt.group_school_administration,1,1,1,1
access_school_evaluation_template_admin,school.evaluation.template,model_school_evaluation_template,school_mngment_sgt.group_school_administration,1,1,1,1
access_rating_rating_admin,rating.rating,model_rating_rating,school_mngment_sgt.group_school_administration,1,1,1,1
access_school_evaluation_teacher,school.evaluation,model_school_evaluation,school_mngment_sgt.group_school_teacher,1,1,1,0
access_school_evaluation_line_teacher,school.evaluation.line,model_school_evaluation_line,school_mngment_sgt.group_school_teacher,1,1,1,1
access_school_evaluation_template_teacher,school.evaluation.template,model_school_evaluation_template,school_mngment_sgt.group_school_teacher,1,0,0,0
access_rating_rating_teacher,rating.rating,model_rating_rating,school_mngment_sgt.group_school_teacher,1,1,0,0
access_school_evaluation_stu,school.evaluation,model_school_evaluation,school_mngment_sgt.group_school_student,1,0,0,0
access_school_evaluation_line_stu,school.evaluation.line,model_school_evaluation_line,school_mngment_sgt.group_school_student,1,0,0,0
access_school_evaluation_template_stu,school.evaluation.template,model_school_evaluation_template,school_mngment_sgt.group_school_student,1,0,0,0
access_rating_rating_stu,rating.rating,model_rating_rating,school_mngment_sgt.group_school_student,1,0,0,0
access_school_evaluation_parent,school.evaluation,model_school_evaluation,school_mngment_sgt.group_school_parent,1,0,0,0
access_school_evaluation_line_parent,school.evaluation.line,model_school_evaluation_line,school_mngment_sgt.group_school_parent,1,0,0,0
access_school_evaluation_template_parent,school.evaluation.template,model_school_evaluation_template,school_mngment_sgt.group_school_parent,1,0,0,0
access_rating_rating_parent,rating.rating,model_rating_rating,school_mngment_sgt.group_school_parent,1,0,0,0


access_attendance_sheet1,attendance.sheet,model_attendance_sheet,school_mngment_sgt.group_school_administration,1,1,1,1
access_attendance_sheet_line1,attendance.sheet.line,model_attendance_sheet_line,school_mngment_sgt.group_school_administration,1,1,1,1
access_daily_attendance1,daily.attendance,model_daily_attendance,school_mngment_sgt.group_school_administration,1,1,1,1
access_daily_attendance_line1,daily.attendance.line,model_daily_attendance_line,school_mngment_sgt.group_school_administration,1,1,1,1
access_attendance_sheet2,attendance.sheet,model_attendance_sheet,school_mngment_sgt.group_school_parent,1,0,0,0
access_attendance_sheet_line2,attendance.sheet.line,model_attendance_sheet_line,school_mngment_sgt.group_school_parent,1,0,0,0
access_daily_attendance2,daily.attendance,model_daily_attendance,school_mngment_sgt.group_school_parent,1,0,0,0
access_daily_attendance_line2,daily.attendance.line,model_daily_attendance_line,school_mngment_sgt.group_school_parent,1,0,0,0
access_attendance_sheet3,attendance.sheet,model_attendance_sheet,school_mngment_sgt.group_school_student,1,0,0,0
access_attendance_sheet_line3,attendance.sheet.line,model_attendance_sheet_line,school_mngment_sgt.group_school_student,1,0,0,0
access_daily_attendance3,daily.attendance,model_daily_attendance,school_mngment_sgt.group_school_student,1,0,0,0
access_daily_attendance_line3,daily.attendance.line,model_daily_attendance_line,school_mngment_sgt.group_school_student,1,0,0,0
access_attendance_sheet4,attendance.sheet,model_attendance_sheet,school_mngment_sgt.group_school_teacher,1,1,1,0
access_attendance_sheet_line4,attendance.sheet.line,model_attendance_sheet_line,school_mngment_sgt.group_school_teacher,1,1,1,0
access_daily_attendance4,daily.attendance,model_daily_attendance,school_mngment_sgt.group_school_teacher,1,1,1,0
access_daily_attendance_line4,daily.attendance.line,model_daily_attendance_line,school_mngment_sgt.group_school_teacher,1,1,1,0
access_standard_teacher,school.standard,school_mngment_sgt.model_school_standard,school_mngment_sgt.group_school_teacher,1,1,1,0
access_student_leave_req_admin,studentleave.request,model_studentleave_request,school_mngment_sgt.group_school_administration,1,1,1,1
access_student_leave_req_teacher,studentleave.request,model_studentleave_request,school_mngment_sgt.group_school_teacher,1,1,0,0
access_student_leave_req_stud,studentleave.request,model_studentleave_request,school_mngment_sgt.group_school_student,1,1,1,0
access_student_leave_req_parent,studentleave.request,model_studentleave_request,school_mngment_sgt.group_school_parent,1,1,1,0
access_resource_resource_parent,resource.resource.parent,resource.model_resource_resource,school_mngment_sgt.group_school_parent,1,1,1,0
access_student_attendance_by_month,student.attendance.by.month,model_student_attendance_by_month,school_mngment_sgt.group_school_administration,1,1,1,1
access_monthly_attendance_sheet,monthly.attendance.sheet,model_monthly_attendance_sheet,school_mngment_sgt.group_school_administration,1,1,1,1
school_mngment_sgt.access_monthly_attendance_wizard,access_monthly_attendance_wizard,school_mngment_sgt.model_monthly_attendance_wizard,base.group_user,1,1,1,1



access_exam_exam,exam.exam,model_exam_exam,school_mngment_sgt.group_school_administration,1,1,1,1
access_additional_exam,additional.exam,model_additional_exam,school_mngment_sgt.group_school_administration,1,1,1,1
acess_admin_exam_schedule_line,exam.schedule.line.admin,model_exam_schedule_line,school_mngment_sgt.group_school_administration,1,1,1,1
access_exam_result,exam.result,model_exam_result,school_mngment_sgt.group_school_administration,1,1,1,1
access_exm_subject,exam.subject,model_exam_subject,school_mngment_sgt.group_school_administration,1,1,1,1
access_additional_exam_result,additional.exam.result,model_additional_exam_result,school_mngment_sgt.group_school_administration,1,1,1,1
access_time_table,time.table,model_time_table,school_mngment_sgt.group_school_administration,1,1,1,1
access_time_table_line,time.table.line,model_time_table_line,school_mngment_sgt.group_school_administration,1,1,1,1
access_exam_grade_line,exam.grade.line,model_exam_grade_line,school_mngment_sgt.group_school_administration,1,1,1,1
access_student_student,student.student,model_student_student,school_mngment_sgt.group_school_administration,1,1,1,1
access_exam_exam1,exam.exam,model_exam_exam,school_mngment_sgt.group_school_student,1,0,0,0
access_additional_exam1,additional.exam,model_additional_exam,school_mngment_sgt.group_school_student,1,0,0,0
access_exm_subject_student1,exam.subject,school_mngment_sgt.model_exam_subject,school_mngment_sgt.group_school_student,1,0,0,0
access_additional_exam_result1,additional.exam.result,model_additional_exam_result,school_mngment_sgt.group_school_student,1,0,0,0
access_time_table1,time.table,model_time_table,school_mngment_sgt.group_school_student,1,0,0,0
access_time_table_line1,time.table.line,model_time_table_line,school_mngment_sgt.group_school_student,1,0,0,0
access_exam_grade_line1,exam.grade.line,model_exam_grade_line,school_mngment_sgt.group_school_student,1,0,0,0
access_student_student1,student.student,model_student_student,school_mngment_sgt.group_school_student,1,0,0,0
access_exam_result_student1,exam.result,school_mngment_sgt.model_exam_result,school_mngment_sgt.group_school_student,1,0,0,0
access_exam_result_teacher2,exam.result,model_exam_result,school_mngment_sgt.group_school_teacher,1,1,1,0
access_exam_exam_teacher2,exam.exam,model_exam_exam,school_mngment_sgt.group_school_teacher,1,1,1,0
access_additional_exam2,additional.exam,model_additional_exam,school_mngment_sgt.group_school_teacher,1,1,1,0
access_exm_subject2,exam.subject,model_exam_subject,school_mngment_sgt.group_school_teacher,1,1,1,0
access_additional_exam_result2,additional.exam.result,model_additional_exam_result,school_mngment_sgt.group_school_teacher,1,1,1,0
access_time_table2,time.table,model_time_table,school_mngment_sgt.group_school_teacher,1,0,0,0
access_time_table_line2,time.table.line,model_time_table_line,school_mngment_sgt.group_school_teacher,1,0,0,0
access_exam_grade_line2,exam.grade.line,model_exam_grade_line,school_mngment_sgt.group_school_teacher,1,1,1,0
access_student_student2,student.student,model_student_student,school_mngment_sgt.group_school_teacher,1,1,1,0
access_school_standard,school.standard,school_mngment_sgt.model_school_standard,school_mngment_sgt.group_school_teacher,1,1,0,0
access_exam_result_parent3,exam.result,model_exam_result,school_mngment_sgt.group_school_parent,1,0,0,0
access_exam_parent3,exam.exam,model_exam_exam,school_mngment_sgt.group_school_parent,1,0,0,0
access_additional_exam3,additional.exam,model_additional_exam,school_mngment_sgt.group_school_parent,1,0,0,0
access_exm_subject3,exam.subject,model_exam_subject,school_mngment_sgt.group_school_parent,1,0,0,0
access_additional_exam_result3,additional.exam.result,model_additional_exam_result,school_mngment_sgt.group_school_parent,1,0,0,0
access_time_table3,time.table,model_time_table,school_mngment_sgt.group_school_parent,1,0,0,0
access_time_table_line3,time.table.line,model_time_table_line,school_mngment_sgt.group_school_parent,1,0,0,0
access_exam_grade_line3,exam.grade.line,model_exam_grade_line,school_mngment_sgt.group_school_parent,1,0,0,0
access_student_student3,student.student,model_student_student,school_mngment_sgt.group_school_parent,1,0,0,0
acess_parent_line,exam.schedule.line,model_exam_schedule_line,school_mngment_sgt.group_school_parent,1,0,0,0
access_exam_schedule_line_all,access_exam_schedule_line,model_exam_schedule_line,school_mngment_sgt.group_school_teacher,1,1,1,0
access_exam_schedule_stud,exam.schedule.line,model_exam_schedule_line,school_mngment_sgt.group_school_student,1,0,0,0

access_exam_batchwise_result,exam.batchwise.result,model_exam_batchwise_result,school_mngment_sgt.group_school_administration,1,1,1,1
access_subject_result_wiz,access_subject_result_wiz,school_mngment_sgt.model_subject_result_wiz,base.group_user,1,1,1,1